,img_link,Name,price,region,description,use,gearbox,mileage
0,https://pictures-kenya.jijistatic.com/31819861_MzAwLTIyNS03YWJjOTRlYzIz.webp,Mazda Axela 2014 SV Premium White,"KSh 1,450,000"," Nairobi, Runda","2014 Mazda Axela1500ccAutomaticPetrol Steering controls Fog lights1,450,000/=",Foreign Used,Automatic,
1,https://pictures-kenya.jijistatic.com/28723044_MzAwLTMwMC1mNzI4YWFiZWM0.webp,Mazda Axela 2010 White,"KSh 795,000"," Nairobi, Donholm",Original paint Totally accident free. clean neat and smart interior. Tip top suspensionbuy and...,Kenyan Used,Automatic,
2,https://pictures-kenya.jijistatic.com/32300400_MzAwLTIyNS0yODZmOTRiOGJm.webp,Mazda Axela 2015 Gray,"KSh 1,600,000"," Mombasa, Mombasa CBD","Manual trans,fully loaded",Foreign Used,Manual,85000km
3,https://pictures-kenya.jijistatic.com/34488388_MzAwLTQwMC1hZWRiMzQxMTZj.webp,Mazda Axela 2013 Gray,"KSh 820,000"," Nairobi, Kasarani",Mazda Axela Yom 2013Mileage116k1500ccAutomatic transmission ,Kenyan Used,Automatic,95000km
4,https://pictures-kenya.jijistatic.com/32841183_MzAwLTIyNS1lM2E3NmJlOWMw.webp,Mazda Axela SV Premium 2014 White,"KSh 1,300,000"," Nairobi, Kasarani","Mazda Axela 2014,Diesel Turbo charged Engine,2200CC, Sunroof,Bose Music System, Seat Heaters,Rear...",Kenyan Used,Automatic,
5,https://pictures-kenya.jijistatic.com/30622829_MzAwLTIyNS03NjE5NGJkMzcx.webp,Mazda Axela 2014 SV Premium Gray,"KSh 1,350,000"," Mombasa, Mombasa CBD",1500 ccautomatic transmissiondark grey exterior colour,Foreign Used,Automatic,95000km
6,https://pictures-kenya.jijistatic.com/31721686_MzAwLTIyNS1lY2I2Y2ViYWJh.webp,Mazda Axela 2014 SV Premium White,"KSh 1,380,000"," Mombasa, Mombasa CBD",Pearl white exteriordiesel engine 5 seatercomfy interior dark seatshire purchase accepted bank...,Foreign Used,Automatic,
7,https://pictures-kenya.jijistatic.com/19510810_MzAwLTIzNi0yNmIzZDdhMGZk.webp,Mazda Axela 2014 Brown,"KSh 1,400,000"," Mombasa, Ganjoni",Mazda axela gold in colourunregistered cash 1.4fully loaded call mombasa,Foreign Used,Automatic,89653km
8,https://pictures-kenya.jijistatic.com/19517315_MzAwLTMwMC03NDk4OWZlN2Qz.webp,Mazda Axela 2014 Blue,"KSh 1,400,000"," Mombasa, Ganjoni",Best deal of mazda axela 2014new number we accept both cash and hire purchase  call me mombasa,Foreign Used,Automatic,56324km
9,https://pictures-kenya.jijistatic.com/27708003_MzAwLTIyNS0wZjVmNzI5YThm.webp,Mazda Axela 2014 SV Premium Red,"KSh 1,400,000"," Mombasa, Mombasa CBD",Mazda axela 20145 seater fogsalloys new shape,Foreign Used,Automatic,88000km
10,https://pictures-kenya.jijistatic.com/34773495_MzAwLTIyNS0wMjgxNDY3OTFh.webp,Mazda Axela SV Premium 2014 Gray,"KSh 1,800,000"," Kiambu, Kiambu / Kiambu ",Brand NewMazda Axela2014 Model 1800 cc,Kenyan Used,Automatic,
11,https://pictures-kenya.jijistatic.com/32066627_MzAwLTMwMC1mNDY2MWYwNWUw.webp,Mazda Axela 2014 SV Premium Red,"KSh 1,600,000"," Kiambu, Kiambu / Kiambu ",Fully loaded 2014 axela 2000cc petrol engine,Foreign Used,Automatic,
12,https://pictures-kenya.jijistatic.com/32600654_MzAwLTIyNS01YjNkYTNiMTIx.webp,Mazda Axela 2015 Blue,"KSh 1,590,000"," Nairobi, Kilimani",axela petrol sedan saloon 2015 57km mint condition,Foreign Used,Automatic,57000km
13,https://pictures-kenya.jijistatic.com/22464096_MzAwLTQwMS02NmY1N2U1YzVj.webp,Mazda Axela 2015 Red,"KSh 1,370,000"," Mombasa, Ganjoni",Hot red fully loaded axela with dash cameras all over.it has dark interior where its very clean....,Foreign Used,Automatic,49881km
14,https://pictures-kenya.jijistatic.com/19178860_MzAwLTIyNS1lNWEwMDkyOWY3.webp,Mazda Axela 2014 Blue,"KSh 1,450,000"," Mombasa, Ganjoni",Axela 2014cash 1.4new number kdc we accept cashhire purchase bank financesacco finance total...,Foreign Used,Automatic,56332km
15,https://pictures-kenya.jijistatic.com/32165157_MzAwLTIyNS04ZjU1YmU2ZTIy.webp,Mazda Axela 2015 Red,"KSh 1,500,000"," Mombasa, Mvita","Clean mazda axela on sale.price ksh 1.5mcash,hire purchase,tradein or bank financing...",Foreign Used,Automatic,63125km
16,https://pictures-kenya.jijistatic.com/27008606_MzAwLTI0MC05NWRhZGM5MjVm.webp,Mazda Axela 2014 SV Premium White,"KSh 1,340,000"," Mombasa, Mombasa CBD",Mazda axelahatchback1500cc,Foreign Used,Automatic,68000km
17,https://pictures-kenya.jijistatic.com/22681692_MzAwLTIyNS00ZGQzOTg4MjIy.webp,Mazda Axela 2014 Black,"KSh 1,380,000"," Mombasa, Mombasa CBD",Axela2014new number kddlow milagealloysnew tyres,Foreign Used,Automatic,60774km
18,https://pictures-kenya.jijistatic.com/28102215_MzAwLTQ1NS0yYTVkNmMwM2Yw.webp,Mazda Axela 2014 SV Premium Red,"KSh 1,500,000"," Mombasa, Mombasa CBD","Mazda axela, saloon,1500cc,petrol,redwine colour,Fully loaded",Foreign Used,Automatic,136000km
19,https://pictures-kenya.jijistatic.com/28180218_MzAwLTIyNS0xMDA2NTAxYmEy.webp,Mazda Axela SV Premium 2014 Pearl,"KSh 1,500,000"," Nairobi, Kilimani",Mazda axela20141490cc,Foreign Used,Automatic,
20,https://pictures-kenya.jijistatic.com/32503002_MzAwLTIyNS05NmI5Y2UxZDI4.webp,Mazda Axela 2015 Gray,"KSh 1,580,000"," Nairobi, Kilimani",mazda axela sedan 2015 with full spec 1500cc petrol,Foreign Used,Automatic,94000km
21,https://pictures-kenya.jijistatic.com/33732407_MzAwLTIyNS0wNjJjZjc0MmM2.webp,Mazda Axela 2015 Blue,"KSh 1,650,000"," Nairobi, Kilimani",Mazda axela20151490ccdark blue colour up head display,Foreign Used,Automatic,
22,https://pictures-kenya.jijistatic.com/34433258_MzAwLTIyNS0wMWZjNmJhNDU4.webp,Mazda Axela 2015 Gray,"KSh 1,600,000"," Nairobi, Kilimani",Clean fully loaded mazda axela with alloy rims controls on steering wheel in very good condition,Foreign Used,Automatic,149000km
23,https://pictures-kenya.jijistatic.com/34059857_MzAwLTIyNS04YTZhYmM1MzY3.webp,Mazda Axela SV Premium 2014 Black,"KSh 1,380,000"," Nairobi, Ridgeways","Mazda axella sleek, petrolcall071*********",Kenyan Used,Automatic,95421km
24,https://pictures-kenya.jijistatic.com/34575766_MzAwLTIyNS0xM2JhNDM5OGM5.webp,Mazda Axela SV Premium 2014 Blue,"KSh 1,450,000"," Nairobi, Lavington",2014 model :: Hatchback ::1500cc :: Alloy wheels :: Automatic transmission :: In mint condition ,Kenyan Used,Automatic,98000km
25,https://pictures-kenya.jijistatic.com/21355176_MzAwLTIyNS1mZDY1MWZjNWEz.webp,Mazda Axela 2014 Blue,"KSh 1,450,000"," Mombasa, Mombasa CBD",Exceptionally clean year 2014 mazda axela new shape on sale.,Foreign Used,Automatic,95805km
26,https://pictures-kenya.jijistatic.com/12561728_img-20200917-134521-4_300x225.webp,Mazda Axela 2014 SV Premium Beige,"KSh 1,450,000"," Mombasa, Mvita",Mazda axela hatchback fully loaded car.We accept cash bank and hp terms,Foreign Used,Automatic,87652km
27,https://pictures-kenya.jijistatic.com/32324622_MzAwLTIyNS1mMjFiNjI1MGU3LTE.webp,Mazda Axela 2015 Black,"KSh 1,620,000"," Nairobi, Ridgeways","Mazda axela:- 2015 model, 1500cc, fog lights, alloy rims, steering controls, dvd screen/usb port,...",Foreign Used,Automatic,62000km
28,https://pictures-kenya.jijistatic.com/19912958_MzAwLTIyNS04MGRkNTFkN2Y3.webp,Mazda Axela 2014 Brown,"KSh 1,450,000"," Mombasa, Mombasa CBD",Mazda axela manual petrol fully loaded with fog lights and low mileage... we accept cash and hp...,Foreign Used,Manual,96325km
29,https://pictures-kenya.jijistatic.com/25809115_MzAwLTIyNS00MGEyYTdiOTM5.webp,Mazda Axela 2015 Burgandy,"KSh 1,400,000"," Mombasa, Mombasa CBD",2015new shapeit has alloysfogsdark interior 1800cccall me,Foreign Used,Automatic,96000km
30,https://pictures-kenya.jijistatic.com/28089452_MzAwLTIyNS02OTllNGFkZTc1.webp,Mazda Axela 2014 SV Premium Red,"KSh 1,500,000"," Mombasa, Mombasa CBD","Clean mazda axela on sale.cash,hire purchase, trade-in or bank financing accepted.",Foreign Used,Automatic,63125km
31,https://pictures-kenya.jijistatic.com/32463361_MzAwLTIzMy1jMjI4ODdmZTlk.webp,Mazda Axela 2014 SV Premium White,"KSh 1,365,000"," Nairobi, Ridgeways",Mazda Axela 2014 1500cc Fully loaded/ push to start// very new tyres/ reverse camera/ 9 INCH Android...,Foreign Used,Automatic,108000km
32,https://pictures-kenya.jijistatic.com/33060184_MzAwLTIyNS00NjM5N2ViOWRh.webp,Mazda Axela 2013 White,"KSh 1,050,000"," Nairobi, Karen","Mazda axela 2009,auto,1500cc,fabric interior buy and drive",Kenyan Used,Automatic,
33,https://pictures-kenya.jijistatic.com/25557350_MzAwLTIyNS1iMDJjY2RkZDQ3.webp,Mazda Axela 2015 Red,"KSh 1,350,000"," Mombasa, Mombasa CBD",Mazda axela new shape available we accept deposit from 50% balance 20-30 month call for more details,Foreign Used,Automatic,67000km
34,https://pictures-kenya.jijistatic.com/28250251_MzAwLTQwMC1lMzYxYjU4MDlh.webp,Mazda Axela 2014 SV Premium Red,"KSh 1,480,000"," Mombasa, Mombasa CBD",Mazda axela saloon fully loaded with low mileage,Foreign Used,Automatic,63857km
35,https://pictures-kenya.jijistatic.com/27398260_MzAwLTIyNS1iM2ZiODQwYWYy.webp,Mazda Axela 2014 Red,"KSh 1,380,000"," Mombasa, Mombasa CBD",2014new shapecash deal 1400000new numberKDE dark interior new shape,Foreign Used,Automatic,65000km
36,https://pictures-kenya.jijistatic.com/8302034_fb-img-1587724861794_300x225.webp,Mazda Axela 2014 Black,"KSh 1,450,000"," Mombasa, Mvita","Exceptionally clean Mazda axela year 2014, showroom unit.Cash,hire purchase or bank financing...",Foreign Used,Automatic,46123km
37,https://pictures-kenya.jijistatic.com/32203022_MzAwLTIyNS1kZWM4ZDU2ODY0.webp,Mazda Axela 2015 Red,"KSh 1,400,000"," Mombasa, Mombasa CBD",5 seaterred in colourdiesel engine super cleanfront wheel drivehire purchase accepted bank...,Foreign Used,Automatic,
38,https://pictures-kenya.jijistatic.com/22176470_MzAwLTIyNS0zM2ExYjJhYWVh.webp,Mazda Axela 2015 Blue,"KSh 1,400,000"," Mombasa, Mombasa CBD",2015navy bluefully loadedon hire purchase deposit 800 balance 15 monthsfree food and...,Foreign Used,Automatic,50000km
39,https://pictures-kenya.jijistatic.com/34041342_MzAwLTIyNS03ODU5MjViYzc3.webp,Mazda Axela 2011 Gray,"KSh 800,000"," Nairobi, Parklands/Highridge","Mazda axela,1500cc,2wd,dark interior,alloy rims,very neat.",Kenyan Used,Automatic,96000km
40,https://pictures-kenya.jijistatic.com/33277000_MzAwLTIyNS05MTQzNTljOWFm.webp,Mazda Axela 2015 Blue,"KSh 1,650,000"," Nairobi, Ridgeways",2015 model 1500cc mazdq axela KDH fully loaded,Foreign Used,Automatic,
41,https://pictures-kenya.jijistatic.com/33481844_MzAwLTIyNS1kOWRkMDlhMGY5.webp,Mazda Axela 2015 Blue,"KSh 1,630,000"," Nairobi, Ridgeways","Mazda axela sport 2015 1500cc blue with heads up display.reverse camera, alloy rims.",Foreign Used,Automatic,
42,https://pictures-kenya.jijistatic.com/33877131_MzAwLTIyNS1lZTc3NzUyOGUz.webp,Mazda Axela 2015 Red,"KSh 1,630,000"," Nairobi, Ridgeways",Mazda axela hatchback wine red 2015-red-2015,Foreign Used,Automatic,
43,https://pictures-kenya.jijistatic.com/32220813_MzAwLTIyNS02YjA4ZDhmOTY5.webp,Mazda Axela 2014 SV Premium White,"KSh 1,670,000"," Nairobi, Kilimani",Mazda Axela Fully loaded in good condition accident free mileage very low with extras alloy rims...,Foreign Used,Automatic,98185km
44,https://pictures-kenya.jijistatic.com/34974319_MzAwLTIyNS0yY2ZlOGVjODE3.webp,Mazda Axela 2015 Black,"KSh 1,750,000"," Mombasa, Ganjoni",Mazda axela new shape in showroom now call us today and  balance in 15months,Foreign Used,Automatic,64859km
45,https://pictures-kenya.jijistatic.com/16247758_img-20210113-wa0998_300x225.webp,Mazda Axela 2014 Red,"KSh 1,350,000"," Mombasa, Mvita",Full-blooded machine with sports rims and low mileage. we also accept both cash and hire purchase....,Foreign Used,Automatic,56332km
46,https://pictures-kenya.jijistatic.com/32224703_MzAwLTIyNS05YTdjZTI3ODI4.webp,Mazda Axela 2014 SV Premium Pearl,"KSh 1,350,000"," Mombasa, Mombasa CBD",axela hatchback petrol engine5 seaterfog lightshire purchase accepted bank financing accepted,Foreign Used,Automatic,
47,https://pictures-kenya.jijistatic.com/32849262_MzAwLTIyNS00ZDgzNjlkMWMx.webp,Mazda Axela 2015 Red,"KSh 1,550,000"," Mombasa, Mombasa CBD",Fully loaded Mazda sports... cash and hp terms accepted,Foreign Used,Automatic,89632km
48,https://pictures-kenya.jijistatic.com/21086558_MzAwLTIyNS0wZGIwNjU1MTFm.webp,Mazda Axela 2015 Blue,"KSh 1,350,000"," Mombasa, Shimanzi",Mazda axela hatch back new shape we sell on cash hirepurchase and bank finance for hirepurchase we...,Foreign Used,Automatic,
49,https://pictures-kenya.jijistatic.com/28167135_MzAwLTQ4NC03YmM3Mzg5YThi.webp,Mazda Axela 2014 White,"KSh 1,450,000"," Mombasa, Mombasa CBD",Mazda axela saloon fully loaded,Foreign Used,Automatic,98001km
50,https://pictures-kenya.jijistatic.com/26663398_MzAwLTIyNS00YTZlNTNlM2Jk.webp,Mazda Axela 2014 Blue,"KSh 1,650,000"," Mombasa, Mombasa CBD",Axela newshape manualnew numberkde*,Foreign Used,Manual,96000km
51,https://pictures-kenya.jijistatic.com/34958727_MzAwLTIyNS02MGRjMTFkY2E1.webp,Mazda Axela 2015 Red,"KSh 1,495,000"," Mombasa, Mombasa CBD","Fully loaded with alloyrims dvd vcd player reverse camera,dark interior",Foreign Used,Automatic,97000km
52,https://pictures-kenya.jijistatic.com/28166983_MzAwLTQwMC1hYTVhODI1NTgy.webp,Mazda Axela 2015 Red,"KSh 1,550,000"," Mombasa, Mombasa CBD",Mazda axela saloon fully loaded low mileage,Foreign Used,Automatic,59687km
53,https://pictures-kenya.jijistatic.com/28167029_MzAwLTIyNS1iMTQ2YWYwNDE4.webp,Mazda Axela 2015 Gray,"KSh 1,480,000"," Mombasa, Mombasa CBD",Mazda axela saloon grey in colour fully loaded with low mileage,Foreign Used,Automatic,89898km
54,https://pictures-kenya.jijistatic.com/21435907_MzAwLTIyNS1kMTZmOGJmNjFj.webp,Mazda Axela 2014 Silver,"KSh 1,400,000"," Mombasa, Ganjoni",Cash 1.42015fully loaded we accept cash and hire purchase  call ,Foreign Used,Automatic,60000km
55,https://pictures-kenya.jijistatic.com/27374843_MzAwLTQwMC00YWE1NmZlMTg1.webp,Mazda Axela 2015 Green,"KSh 1,330,000"," Mombasa, Mombasa CBD",Toyota alexanew shapefogs alloyscash 1350000,Foreign Used,Automatic,88000km
56,https://pictures-kenya.jijistatic.com/26410147_MzAwLTQwMC1mNzRmNTRiNWY5.webp,Mazda Axela 2014 Black,"KSh 1,340,000"," Mombasa, Mombasa CBD",2015new shape Bluetooth dvdwififogs alloyscall me,Foreign Used,Automatic,70665km
57,https://pictures-kenya.jijistatic.com/21435776_MzAwLTIyNC1mYmYwZDRmMGUx.webp,Mazda Axela 2014 Other,"KSh 1,380,000"," Mombasa, Ganjoni",Cash 2015call072*********,Foreign Used,Automatic,70000km
58,https://pictures-kenya.jijistatic.com/34771883_MzAwLTIyNS1lNWJmMjIwZjEw.webp,Mazda Axela 2015 Blue,"KSh 1,595,000"," Nairobi, Nairobi Central","Mazda Axela 1500cc, dark fabric interior, fog lights, original factory alloy rims, superior music...",Foreign Used,Automatic,
59,https://pictures-kenya.jijistatic.com/33462588_MzAwLTIyNS0wZTAxODMxMTc1.webp,Mazda Axela 2015 Pearl,"KSh 1,490,000"," Nairobi, Nairobi Central","Mazda axela 2015 1500cc petrol, dark interior, alloy rims, reverse cam, navigation, power steering...",Foreign Used,Automatic,
60,https://pictures-kenya.jijistatic.com/34001472_MzAwLTEzNS04YzU2N2EzYzli.webp,Mazda Axela 2010 Gray,"KSh 795,000"," Nairobi, Parklands/Highridge","In a neat condition, good tyres,alloy rims, fog lights, dark interior, buy and drive vehicle",Kenyan Used,Automatic,102000km
61,https://pictures-kenya.jijistatic.com/34040495_MzAwLTIyNS0zZDJjOTFkYTE5.webp,Mazda Axela 2015 Gray,"KSh 1,650,000"," Nairobi, Kilimani",Mazda axela skyactiv engine2015full packagemultimedia steering original mazda multimedia...,Foreign Used,Automatic,
62,https://pictures-kenya.jijistatic.com/33503253_MzAwLTIyNS04ZTU4OTI0ZmZk.webp,Mazda Axela 2015,"KSh 1,700,000"," Nairobi, Nairobi Central","2015 Mazda axela 2200cc diesel/ sunroof/ full body kit/ spoiler/ leather and fabric interior,...",Foreign Used,Automatic,
63,https://pictures-kenya.jijistatic.com/34615780_MzAwLTIyNS03Y2ExNDQzZWQ0.webp,Mazda Axela 2015 Blue,"KSh 1,700,000"," Mombasa, Ganjoni",Mazda axela 2015 model 1500ccfully loaded,Foreign Used,Automatic,
64,https://pictures-kenya.jijistatic.com/33829094_MzAwLTIyNS1lYTVkMTViNzk2.webp,Mazda Axela 2015 Off White,"KSh 1,650,000"," Nairobi, Nairobi Central","Mazda axela 2000cc petrol 2015. Extremely clean, new alloys and tyres, upgraded interior!!",Foreign Used,Automatic,
65,https://pictures-kenya.jijistatic.com/32025712_MzAwLTIyNS05NmZhNzJkOGZh.webp,Mazda Axela 2014 Burgandy,"KSh 1,400,000"," Mombasa, Mombasa CBD","New Arrivals.Mazda Axela Red Color, Saloon.Fully loaded car with extra features.Available on...",Foreign Used,Automatic,
66,https://pictures-kenya.jijistatic.com/34481306_MzAwLTIwMC0xYmY5MmI2NzAw.webp,Mazda Axela 2015 Blue,"KSh 1,750,000"," Nairobi, Ridgeways",2015 mazda axela sports version  with surooof specs 2015 model // 2200cc // diesel // auto // dark...,Foreign Used,Automatic,78420km
67,https://pictures-kenya.jijistatic.com/33114741_MzAwLTIyNS0xYzQ2YjNkMjU4LTE.webp,Mazda Axela 2015 White,"KSh 1,680,000"," Nairobi, Ridgeways","Mazda axela 2015 model, hatchback, 2000cc, dvd screen, reverse camera, double steering controls,...",Foreign Used,Automatic,
68,https://pictures-kenya.jijistatic.com/26410041_MzAwLTIzNi1iNTY0NDQzMTdl.webp,Mazda Axela 2014 White,"KSh 1,340,000"," Mombasa, Mombasa CBD",Cash 1340000New shapenew number5 seaterdark interioralloys new tyres call me,Foreign Used,Automatic,70000km
69,https://pictures-kenya.jijistatic.com/22177348_MzAwLTIyNS1mNGQ0NDhkZjll.webp,Mazda Axela 2015 Other,"KSh 1,400,000"," Mombasa, Mombasa CBD", rimsfog lightnew tyres2015low mileageon hire purchase deposit 800 balance 12 monthscall...,Foreign Used,Automatic,60000km
70,https://pictures-kenya.jijistatic.com/21088222_MzAwLTIyNS1hN2E5NDkyZDFl.webp,Mazda Axela 2015 Gray,"KSh 1,400,000"," Mombasa, Shimanzi",New shape mazda axela saloon we sell on cash hirepurchase and bank finance for hirepurchase we take...,Foreign Used,Automatic,
71,https://pictures-kenya.jijistatic.com/31940434_MzAwLTIyNS1mZjU1MTg1MzEz.webp,Mazda Axela 2015 Black,"KSh 1,450,000"," Mombasa, Ganjoni","Clean mazda axela on sale,price ksh 1.450mcash,hire purchase,tradein or bank financing...",Foreign Used,Automatic,63125km
72,https://pictures-kenya.jijistatic.com/26739655_MzAwLTIyNS1mOGYzMTAyMTgx.webp,Mazda Axela 2015 Pearl,"KSh 1,450,000"," Mombasa, Mombasa CBD",Mazda axela new shape saloon car fully loaded car with low mileage new number,Foreign Used,Automatic,45723km
73,https://pictures-kenya.jijistatic.com/30555132_MzAwLTIyNS1hZWIxNTZiZDNm.webp,Mazda Axela 2014 SV Premium,"KSh 1,600,000"," Mombasa, Mombasa CBD",1500ccdiesel enginered exteriordark interior,Foreign Used,Automatic,48000km
74,https://pictures-kenya.jijistatic.com/21435490_MzAwLTQwMC02MTc3ODAyOWQy.webp,Mazda Axela 2015 Silver,"KSh 1,450,000"," Mombasa, Ganjoni",2015low mileage call for more information,Foreign Used,Automatic,80000km
75,https://pictures-kenya.jijistatic.com/19948462_MzAwLTMwMC04ODk5ZmVkNDll.webp,Mazda Axela 2014 Blue,"KSh 1,400,000"," Mombasa, Mombasa CBD","New shape new arrival navy blue colour. with all colours available in our showrooms, select today a...",Foreign Used,Automatic,110000km
76,https://pictures-kenya.jijistatic.com/35115568_MzAwLTIyNS1iZTVmMTRjYjIz.webp,Mazda Axela 2013 Gray,"KSh 930,000"," Nairobi, Mombasa Road",Mazda Axela2013 model1500ccPeteolAlloy rimsWind breakersGrey colorSide mirror blinkers,Kenyan Used,Automatic,106000km
77,https://pictures-kenya.jijistatic.com/35115683_MzAwLTIyNS1hZWQwZDBiYzA3.webp,Mazda Axela 2013 Gray,"KSh 930,000"," Nairobi, Langata",Mazda Axela2013 model1500ccAutomatic transmission Dark interior Alloy rimsWind breakersGrey...,Kenyan Used,Automatic,
78,https://pictures-kenya.jijistatic.com/34883308_MzAwLTE5OC0zZjQzMzg4MmEz.webp,Mazda Axela 2008 White,"KSh 620,000"," Nairobi, Mombasa Road",Mazda axela Year 20081500 cc,Kenyan Used,Automatic,
79,https://pictures-kenya.jijistatic.com/34575766_MzAwLTIyNS0xM2JhNDM5OGM5.webp,Mazda Axela SV Premium 2014 Blue,"KSh 1,450,000"," Nairobi, Lavington",2014 model :: Hatchback ::1500cc :: Alloy wheels :: Automatic transmission :: In mint condition ,Kenyan Used,Automatic,98000km
80,https://pictures-kenya.jijistatic.com/35071768_MzAwLTQwMC1jNGM3OWNiM2Fk.webp,Mazda Axela 2015 Pearl,"KSh 1,600,000"," Mombasa, Mombasa CBD",Mazda axelafully loaded,Foreign Used,Automatic,
81,https://pictures-kenya.jijistatic.com/34834229_MzAwLTIyNS1iMTZlZDFjZTdi.webp,Mazda Axela 2015 Black,"KSh 1,750,000"," Nairobi, Kilimani",Yr 20151990ccLeather seats Power seats Emergency braking Lane assist Camera,Foreign Used,Automatic,85000km
82,https://pictures-kenya.jijistatic.com/18949507_MzAwLTE0Mi02YWZjZDgwMjY5.webp,Mazda Axela 2014 White,"KSh 1,450,000"," Mombasa, Mombasa CBD",Mazda axela new shape 2014 model car fully loaded with low mileage,Foreign Used,Automatic,52133km
83,https://pictures-kenya.jijistatic.com/32968958_MzAwLTIyNS1mOGNjYjhjMWY2.webp,Mazda Axela 2015 Red,"KSh 1,790,000"," Nairobi, South C","Mazda Axela SPORTS with *SUNROOF* .Wine Red. 2,200cc. 2015 ",Foreign Used,Automatic,70000km
84,https://pictures-kenya.jijistatic.com/27060160_MzAwLTIyNS1hNDRkMDJjMjc5.webp,Mazda Axela 2015 Pink,"KSh 1,500,000"," Mombasa, Mombasa CBD",Mazda Axela... saloon... 1500cc... Great colour... ,Foreign Used,Automatic,
85,https://pictures-kenya.jijistatic.com/34724616_MzAwLTIyNS00ZmRhNDg4OWI3.webp,Mazda Axela 2015 Matt Black,"KSh 1,600,000"," Mombasa, Mombasa CBD",Mazda axelafully loadedcash and HP,Foreign Used,Automatic,
86,https://pictures-kenya.jijistatic.com/26287479_MzAwLTIyNS00MDY4MDc0Mzk0.webp,Mazda Axela 2014 White,"KSh 1,400,000"," Mombasa, Mombasa CBD",MAZDA AXELA SALOON..WE ACCEPT HIRE PURCHASE (MALIPO YA POLE POLE)...,Foreign Used,Automatic,74368km
87,https://pictures-kenya.jijistatic.com/31898453_MzAwLTIyNS00MzA4NDJiYTg2LTE.webp,Mazda Axela 2015 Black,"KSh 1,620,000"," Nairobi, Kilimani",Mazda axela 2015 black color with alloys petrol 1500cc new registration from japan,Foreign Used,Automatic,60500km
88,https://pictures-kenya.jijistatic.com/22176378_MzAwLTIyNS02Y2Q5OTQzNzVh.webp,Mazda Axela 2015 Gray,"KSh 1,390,000"," Mombasa, Mombasa CBD",2014gold in colour low mileage6 speedoriginal rims  700 deposit on hire purchase free food...,Foreign Used,Automatic,68000km
89,https://pictures-kenya.jijistatic.com/21274213_MzAwLTMwMC0zMWM5MTUyNGIyLTI.webp,Mazda Axela 2014 White,"KSh 1,400,000"," Mombasa, Mombasa CBD",Mazda axela onsaleyom 2014autopetrolfully loadedasking price cash price slightly negotiable call...,Foreign Used,Automatic,89123km
90,https://pictures-kenya.jijistatic.com/33452163_MzAwLTE2OC0yZGQ4YzFlNDVk.webp,Mazda Axela 2015 Gray,"KSh 1,650,000"," Nairobi, Ridgeways","New arrivals mazda axela petrol 1500cc,sedan ... come view n drive its tha best of your choice... ",Foreign Used,Automatic,79800km
91,https://pictures-kenya.jijistatic.com/33377432_MzAwLTIyNS0zOWVkYWFkNmE4.webp,Mazda Axela 2015 Black,"KSh 1,500,000"," Mombasa, Mombasa CBD",Mazda axela hatchbackfully equippedPetrol,Kenyan Used,Automatic,
92,https://pictures-kenya.jijistatic.com/32485960_MzAwLTIyNS0zZDMyZjhmMzYz.webp,Mazda Axela 2015 Brown,"KSh 1,500,000"," Mombasa, Mvita",Mazda Axela ManualIn great conditionFinance accepted,Foreign Used,Manual,50750km
93,https://pictures-kenya.jijistatic.com/32550598_MzAwLTIyNS1iY2Q1NGE3ZDhh.webp,Mazda Axela 2015 Red,"KSh 1,500,000"," Mombasa, Mombasa CBD",automatic transmission red in colourpetrol engine 5 seatereco technology grey seatshire...,Foreign Used,Automatic,149569km
94,https://pictures-kenya.jijistatic.com/34948291_MzAwLTIyNS02YjgwYTg5MDVl.webp,Mazda Axela 2015 Blue,"KSh 1,200,000"," Mombasa, Mombasa CBD",Diff lockscargo coverwinker lights,Foreign Used,Automatic,80000km
95,https://pictures-kenya.jijistatic.com/26670235_MzAwLTIyNS1lZTZmYWJkMjA5.webp,Mazda Axela 2014 Blue,"KSh 1,500,000"," Mombasa, Mombasa CBD",Mazda axela... 2014 model... we accept hire purchase (malipo ya pole pole)... ,Foreign Used,Automatic,
96,https://pictures-kenya.jijistatic.com/33774088_MzAwLTIyNS0xNWZhOTA1ODky.webp,Mazda Axela 2015 Gray,"KSh 1,650,000"," Nairobi, Kilimani",Mazda Axela :: Year 2015 :: Petrol :: 1500cc :: Premium cloth Interior :: Steering Controls Cash...,Foreign Used,Automatic,
97,https://pictures-kenya.jijistatic.com/34788694_MzAwLTIyNS0xMzAwODg3NTRh.webp,Mazda Axela 2015 Blue,"KSh 1,650,000"," Mombasa, Mombasa CBD",New shape Axelapetrol engine1500ccXenon headlightsdouble steering wheel buttonsfog lightsdvd...,Foreign Used,Automatic,155004km
98,https://pictures-kenya.jijistatic.com/34770018_MzAwLTIyNS0wOGEzMTJkYTk1.webp,Mazda Axela 2015 Silver,"KSh 1,570,000"," Nairobi, Kilimani",Mazda Axela :: Year 2015 :: 1500cc :: Petrol ::,Foreign Used,Automatic,
99,https://pictures-kenya.jijistatic.com/23283310_MzAwLTIyNS04M2RiMmMyNDlh.webp,Mazda Axela 2014 White,"KSh 1,430,000"," Mombasa, Mombasa CBD","Mazda axela 2014 model,1500cc petrol, mileage 58k,price 1.430m",Foreign Used,Automatic,58000km
100,https://pictures-kenya.jijistatic.com/34742327_MzAwLTIyMi1hYWRiNTFmMTc4.webp,Mazda Axela 2015 Red,"KSh 1,600,000"," Nairobi, Ridgeways",Mazda Axela 2016 model //1500cc skyactive //Auto Petro //winered //fully loaded,Foreign Used,Automatic,75000km
101,https://pictures-kenya.jijistatic.com/20715223_MzAwLTI0Ny1jOWZkM2YwMmMy.webp,Mazda Axela 2014 Gray,"KSh 1,400,000"," Mombasa, Ganjoni", 2015brownnew numberon hire purchase balance 12 monthscall,Foreign Used,Automatic,75448km
102,https://pictures-kenya.jijistatic.com/26223667_MzAwLTIyNS1kN2VjZjFmNzM3.webp,Mazda Axela 2014 Pearl,"KSh 1,550,000"," Mombasa, Mombasa CBD",Axela sallon. full loaded. low mileage. 2014 UNREGISTERED ( KDE* ),Foreign Used,Automatic,76000km
103,https://pictures-kenya.jijistatic.com/27232395_MzAwLTIyNS1mZWNiOTNiMjNj.webp,Mazda Axela 2014 Red,"KSh 1,500,000"," Mombasa, Mombasa CBD",Mazda Axela salonFully loadedFitted alloy rimsFog lightsReverse cameraMalipo Mos Mos accepted,Foreign Used,Automatic,
104,https://pictures-kenya.jijistatic.com/31681508_MzAwLTIyNS1hZTY0MTExNzk1.webp,Mazda Axela 2015 Black,"KSh 1,500,000"," Mombasa, Mvita","Mazda Axela hatchback black colour 2000cc engine capacity very clean and fully loaded with spoiler,...",Foreign Used,Automatic,89000km
105,https://pictures-kenya.jijistatic.com/28115382_MzAwLTIyNS1lYjQwNjVkODBj.webp,Mazda Axela 2014 SV Premium White,"KSh 1,450,000"," Mombasa, Mombasa CBD",Mazda axela 2014 Petrol auto fully loaded clean with no faultcall us now for the best deal.,Foreign Used,Automatic,74000km
106,https://pictures-kenya.jijistatic.com/33942043_MzAwLTQwMC1jZTBhMzQ1OGE4.webp,Mazda Axela 2015 Pearl,"KSh 1,530,000"," Nairobi, Kilimani",Mazda axela2015Petrol 1500cc,Foreign Used,Automatic,87000km
107,https://pictures-kenya.jijistatic.com/33905041_MzAwLTEzNS1lNjc1MWNjMWE0.webp,Mazda Axela 2015 Red,"KSh 1,680,000"," Nairobi, Nairobi Central","MAZDA AXELA hatchback2015 model // Rating 1500ccfresh importbank, sacco finance accepted",Foreign Used,Automatic,130000km
108,https://pictures-kenya.jijistatic.com/27045147_MzAwLTIyNS05MzBhZjk1YTRi.webp,Mazda Axela 2014 Matt Black,"KSh 1,430,000"," Mombasa, Mombasa CBD",We accept hire purchase... Mazda axela sports... No guarantors... No bank statement... ,Foreign Used,Automatic,63210km
109,https://pictures-kenya.jijistatic.com/34709194_MzAwLTIyNS03M2E4OGFlZDJm.webp,Mazda Axela 2015 Gray,"KSh 1,500,000"," Mombasa, Mombasa CBD",Mazda axela hatchback new shape very clean car and low mileage,Foreign Used,Automatic,65231km
110,https://pictures-kenya.jijistatic.com/21228145_MzAwLTIyNS04N2ViYjdhYTdm.webp,Mazda Axela 2015 Gray,"KSh 1,400,000"," Mombasa, Mombasa CBD","Loaded with alloy rims, navigation system, central locking system, automatic doors and windows",Foreign Used,Automatic,68866km
111,https://pictures-kenya.jijistatic.com/21435616_MzAwLTIyNS03OGM4ZmNlMWVi.webp,Mazda Axela 2015 Gray,"KSh 1,400,000"," Mombasa, Ganjoni",Cash 1.42015low mileage call ,Foreign Used,Automatic,70000km
112,https://pictures-kenya.jijistatic.com/32000749_MzAwLTIyNS0xMzM0MDRhNjk3.webp,Mazda Axela 2014 SV Premium White,"KSh 1,400,000"," Mombasa, Mombasa CBD",Mazda axela sedan 2014fully loaded,Foreign Used,Automatic,212890km
113,https://pictures-kenya.jijistatic.com/20519663_MzAwLTIyNS01N2I1ZjJkMzUx.webp,Mazda Axela 2014 Blue,"KSh 1,400,000"," Mombasa, Mvita",Mazda axela new shape skyactive technology,Foreign Used,Automatic,85636km
114,https://pictures-kenya.jijistatic.com/30659873_MzAwLTIyNS03MjhiNTZlNzhh.webp,Mazda Axela SV Premium 2014 Blue,"KSh 1,550,000"," Mombasa, Mombasa CBD",Mazda axelafully equipped cash and Hire purchase up 18 months for balance contact us now,Foreign Used,Automatic,73249km
115,https://pictures-kenya.jijistatic.com/26630188_MzAwLTE2OS1lYWM1YTFlNjQ5.webp,Mazda Axela 2014 Red,"KSh 1,360,000"," Nairobi, Kilimani",Mazda Axela20141600ccNew Arrival,Foreign Used,Automatic,145078km
116,https://pictures-kenya.jijistatic.com/33581658_MzAwLTIyNS00OTI2MjhiYmQ0.webp,Mazda Axela 2015 Burgandy,"KSh 1,550,000"," Mombasa, Mombasa CBD",Mazda axelafully loadedcash and HPnew registration,Foreign Used,Automatic,
117,https://pictures-kenya.jijistatic.com/22873834_MzAwLTIyNS00ZDk1YTBkMGMz.webp,Mazda Axela 2014 Red,"KSh 1,480,000"," Mombasa, Mombasa CBD","Mazda axela 2014 model,1500cc petrol, mileage58k,price negotiable",Foreign Used,Automatic,58000km
118,https://pictures-kenya.jijistatic.com/26237275_MzAwLTIyNS1iYjllNDdiMjg5LTE.webp,Mazda Axela 2014 Gray,"KSh 1,450,000"," Mombasa, Mombasa CBD","Mazda axela newshape ,low mileage car ,good price ,fullyloaded car ,foglights, xenon headlights,...",Foreign Used,Automatic,95000km
119,https://pictures-kenya.jijistatic.com/21024290_MzAwLTIyNS1iZGVmOTRiZjc0.webp,Mazda Axela 2015 Silver,"KSh 1,580,000"," Mombasa, Mombasa CBD",We are located in mombasa mazda axela new shape,Foreign Used,Automatic,83000km
120,https://pictures-kenya.jijistatic.com/32468656_MzAwLTIyNS02NzAyNGRiODE0.webp,Mazda Axela 2015 Blue,"KSh 1,600,000"," Mombasa, Mvita",Mazda axela 2015 modelfully loaded with low mileage,Foreign Used,Automatic,54000km
121,https://pictures-kenya.jijistatic.com/32017892_MzAwLTIyNS0xYzdlZGNlOTk2.webp,Mazda Axela 2014 SV Premium Black,"KSh 1,550,000"," Mombasa, Mombasa CBD",Mazda axela 2014blackalloy wheelsfog lights,Foreign Used,Automatic,157192km
122,https://pictures-kenya.jijistatic.com/28624942_MzAwLTIyNS1jNzg2OGViZjM3.webp,Mazda Axela 2014 Silver,"KSh 1,350,000"," Mombasa, Mombasa CBD",Mazda AxelaFully loadedFitted alloyFog lightsReverse cameraLow mileageMalipo pole pole...,Foreign Used,Automatic,
123,https://pictures-kenya.jijistatic.com/22393944_MzAwLTIwMC1mMjgzMjczOGY0.webp,Mazda Axela 2014 Gray,"KSh 1,550,000"," Nairobi, Ridgeways","Mazda axela2014,1500ccmulti-functional steering wheel key-less entryreverse cameratraction...",Foreign Used,Automatic,76212km
124,https://pictures-kenya.jijistatic.com/32708476_MzAwLTE4OS1mOWJmMGY2MDY0LTE.webp,Mazda Axela SV Premium 2014 Pearl,"KSh 1,420,000"," Nairobi, Ridgeways","Mazda axela sedan:- 2014 model, 1500cc,",Foreign Used,Automatic,
125,https://pictures-kenya.jijistatic.com/26409597_MzAwLTI4NS0yYzgyMTYyODU0.webp,Mazda Axela 2014 Black,"KSh 1,500,000"," Mombasa, Mombasa CBD",Mazda Axela hatchback... sports car... We accept hire purchase (malipo ya pole pole)...,Foreign Used,Automatic,
126,https://pictures-kenya.jijistatic.com/33262259_MzAwLTIyNS0xOTE0MGVhMzIz.webp,Mazda Axela 2015 Blue,"KSh 1,600,000"," Mombasa, Mvita",mazda axela  Unregistered 2015 modellow mileage no fault,Foreign Used,Automatic,64000km
127,https://pictures-kenya.jijistatic.com/24496068_MzAwLTIyNS1kMjk3MmM3ZDA0.webp,Mazda Axela 2014 Red,"KSh 1,350,000"," Mombasa, Mvita",Mazda axela hatchback petrol engine 1500cc engine capacity 2014 model year of manufacture maroon...,Foreign Used,Automatic,86000km
128,https://pictures-kenya.jijistatic.com/30721288_MzAwLTMwMC05OWE2OTAxNmY0.webp,Mazda Axela 2014 SV Premium Silver,"KSh 1,450,000"," Mombasa, Mombasa CBD",diesel engineautomatic transmission fog lights new shape5 seaterhigher purchase...,Foreign Used,Automatic,118000km
129,https://pictures-kenya.jijistatic.com/8348125_img-20200425-130705-2_300x225.webp,Mazda Axela 2013 Purple,"KSh 1,300,000"," Mombasa, Mvita",Mazda axela latest modelfully loadedsuperb interior hire purchase available,Foreign Used,Automatic,42850km
130,https://pictures-kenya.jijistatic.com/34290653_MzAwLTIyNS04ZmFmNDc4YTRj.webp,Mazda Axela 2014 Silver,"KSh 1,450,000"," Nairobi, Ridgeways",Mazda axela hatchback(MANUAL TRANSMISSION) silver colour 2014 model 1500cc,Foreign Used,Manual,
131,https://pictures-kenya.jijistatic.com/25965716_MzAwLTEzNS0zOWM0NDk2ZGQy.webp,Mazda Axela 2014 Red,"KSh 1,450,000"," Nairobi, Runda",Super clean Mazda Axela 2014 on sale,Foreign Used,Automatic,140000km
132,https://pictures-kenya.jijistatic.com/19510901_MzAwLTE2OS01YWRkMzJjYjk5.webp,Mazda Axela 2014,"KSh 1,400,000"," Mombasa, Ganjoni",Beautiful red axela 2014on hire purchase then balance spread for 12 months call mombasa,Foreign Used,Automatic,56325km
133,https://pictures-kenya.jijistatic.com/18026733_img-20210311-124532-547_300x225.webp,Mazda Axela 2014 Gray,"KSh 1,500,000"," Mombasa, Ganjoni",New unit new shapemazda axela,Foreign Used,Automatic,86563km
134,https://pictures-kenya.jijistatic.com/28589946_MzAwLTIyNS0wZGRiNzIyMDA4.webp,Mazda Axela 2014 SV Premium Red,"KSh 1,500,000"," Mombasa, Mombasa CBD",mazda axela 2014 model 2000ccelegant looksaloonhas many extras unlimited packagecall us now,Foreign Used,Automatic,
135,https://pictures-kenya.jijistatic.com/21980565_MzAwLTMwMC1kODk0ODY0ZTM2.webp,Mazda Axela 2014,"KSh 1,599,999"," Mombasa, Mombasa CBD",Mazda axela new shape hatchback dark dky blue. 2014 model.,Foreign Used,Automatic,98000km
136,https://pictures-kenya.jijistatic.com/20147027_MzAwLTMwMC01YzJlODRmMWVl.webp,Mazda Axela 2014 Gray,"KSh 1,400,000"," Mombasa, Mombasa CBD",Maxda axela hatchback.manual transmission. fully loaded,Foreign Used,Automatic,94000km
137,https://pictures-kenya.jijistatic.com/34119254_MzAwLTQwMC05MmYyZGFjMjZk.webp,Mazda Axela 2013 Red,"KSh 1,290,000"," Mombasa, Mombasa CBD",Mazda axela in good condition,Kenyan Used,Automatic,108000km
138,https://pictures-kenya.jijistatic.com/26469582_MzAwLTIyNS1iYjhhMzViOTY5LTE.webp,Mazda Axela 2013 Black,"KSh 1,490,000"," Nairobi, Ridgeways",Mazda axela2000ccyr2013very cleanBuy and drive,Foreign Used,Automatic,115280km
139,https://pictures-kenya.jijistatic.com/34599299_MzAwLTIyNS0zYTgwMWUxOTI5.webp,Mazda Axela 2015 Black,"KSh 1,600,000"," Mombasa, Mombasa CBD",Mazda Axelanew numberfully loadedalloy wheelsetccash and HP,Foreign Used,Automatic,
140,https://pictures-kenya.jijistatic.com/26888296_MzAwLTIyNS04Y2VhMjY3ZmEwLTE.webp,Mazda Axela 2015 Blue,"KSh 1,590,000"," Nairobi, Kilimani",Mazda axela 2014 fully loaded with cruse control,Foreign Used,Automatic,68000km
141,https://pictures-kenya.jijistatic.com/30118869_MzAwLTIyNS00NmJlMWM2MjE1.webp,Mazda Axela 2014 SV Premium Gray,"KSh 1,550,000"," Mombasa, Mombasa CBD","Mazda axela sports skyactive,2014 model,push start engine,auto diesel,alloy rims, DVD ,sunroof,etc",Foreign Used,Automatic,71000km
142,https://pictures-kenya.jijistatic.com/24837623_MzAwLTIyNS00MzNjOTA4MWI1.webp,Mazda Axela 2015 Red,"KSh 1,450,000"," Mombasa, Mvita",Honda axela new model 2014low mileagelow conceptionfully loaded,Foreign Used,Automatic,27000km
143,https://pictures-kenya.jijistatic.com/33873997_MzAwLTIyMy0wOTAyNmZmMzRi.webp,Mazda Axela 2015 White,"KSh 1,700,000"," Nairobi, Nairobi Central",2015 Mazda Axela 1500cc SkyActivDeposit fromfor Business counterparts and clear the balance...,Foreign Used,Automatic,
144,https://pictures-kenya.jijistatic.com/34716979_MzAwLTIyNS02OThmYmZiOWU5.webp,Mazda Axela 2015 Red,"KSh 1,450,000"," Mombasa, Mombasa CBD",Redwine axela 2015 in good condition,Foreign Used,Automatic,107000km
145,https://pictures-kenya.jijistatic.com/33939730_MzAwLTE5MC03MTJhMjI4Y2Ez.webp,Mazda Axela 2014 Black,"KSh 1,630,000"," Nairobi, Ridgeways",2014 Mazda Axela1500cc Petrol PoweredDark fabric seatsPush to startkeyless entry,Foreign Used,Automatic,87000km
146,https://pictures-kenya.jijistatic.com/28111613_MzAwLTIyNS1hMzg5MmFlZjhh.webp,Mazda Axela 2014 Blue,"KSh 1,300,000"," Mombasa, Mombasa CBD","Mazda axela 2014 manual petrol 1500cc,fully  loaded freshly imported from Japan malipo pole pole...",Foreign Used,Automatic,78000km
147,https://pictures-kenya.jijistatic.com/22769152_MzAwLTIyNS00Njk3ZWVlNTA1.webp,Mazda Axela 2014 White,"KSh 1,380,000"," Mombasa, Mombasa CBD",2014 mazda axela for salefully loaded clean unit payment plan available50%-60% depositbal in...,Foreign Used,Automatic,72000km
148,https://pictures-kenya.jijistatic.com/23675443_MzAwLTIyNS00YjhmMmJhY2Q5LTE.webp,Mazda Axela 2014 Red,"KSh 1,450,000"," Mombasa, Mombasa CBD",Mazda axela 2014 sportcash and hp,Foreign Used,Automatic,79000km
149,https://pictures-kenya.jijistatic.com/34109350_MzAwLTQ5OC1mODA3Yzk0ZjMz.webp,Mazda Axela SV Premium 2014 Red,"KSh 1,450,000"," Mombasa, Mombasa CBD",Mazda axela red color manual petrol,Foreign Used,Manual,25000km
150,https://pictures-kenya.jijistatic.com/28951936_MzAwLTIyNS00MmQxM2EzYjQ5.webp,Mazda Axela 2014 SV Premium Silver,"KSh 1,550,000"," Mombasa, Mombasa CBD",Mazda axela hatchback 2014 1500cc automatic petrolvery cleancloth seatscall us now for the best...,Foreign Used,Automatic,
151,https://pictures-kenya.jijistatic.com/28126814_MzAwLTIyNS1lMDgwNTE0OTdh.webp,Mazda Axela 2014 Black,"KSh 1,350,000"," Mombasa, Mombasa CBD","Extremely clean mazda Axela 2014 model,1500cc petrol, low mileage,fully loaded with alloy rims etc...",Foreign Used,Automatic,44000km
152,https://pictures-kenya.jijistatic.com/23760369_MzAwLTIyNS04Zjc1MDlhNDcz.webp,Mazda Axela 2017 White,"KSh 1,300,000"," Mombasa, Mombasa CBD",Cash deal hp accepted call us today for more details,Foreign Used,Automatic,
153,https://pictures-kenya.jijistatic.com/18921545_MzAwLTE4MC1kOThmYzU3MTY1.webp,Mazda Axela 2014 White,"KSh 1,390,000"," Mombasa, Ganjoni",Cash cash deal call or whatsapp mombasa,Foreign Used,Automatic,85432km
154,https://pictures-kenya.jijistatic.com/32897087_MzAwLTIyNS01MDg2NTM1MGRi.webp,Mazda Axela 2014 White,"KSh 1,380,000"," Nairobi, Karen","Mazda axela, 2014 model, newshape, petrol, 1500cckshs: 1,380,000/-call/ sms/ whatsapp: email:...",Foreign Used,Automatic,84000km
155,https://pictures-kenya.jijistatic.com/32056802_MzAwLTIyNS00ZDQ1NGRmYTdk.webp,Mazda Axela 2015 Gray,"KSh 1,500,000"," Mombasa, Mvita",Mazda axela 2015 modelfully loadedlow mileage,Foreign Used,Automatic,46000km
156,https://pictures-kenya.jijistatic.com/8758610_20200514-102527_300x225.webp,Mazda Axela 2014 Black,"KSh 1,600,000"," Mombasa, Mvita",Mazda axela 1500cc fully loaded hire purchase accepted bank/sacco finance accepted,Foreign Used,Automatic,69485km
157,https://pictures-kenya.jijistatic.com/26548615_MzAwLTIyNS1lMzgyOGI2YzE2LTE.webp,Mazda Axela 2015 Black,"KSh 1,550,000"," Mombasa, Mombasa CBD","Mazda axela newshape ,low mileage car ,good price ,fullyloaded car ,foglights, xenon headlights,...",Foreign Used,Automatic,87230km
158,https://pictures-kenya.jijistatic.com/31845630_MzAwLTIyNS00M2YyYzg2OTIy.webp,Mazda Axela 2014 SV Premium Green,"KSh 1,400,000"," Mombasa, Mombasa CBD",Diesel engine5 seaterlow mileageunique shapesilver in colourstylish interiorhire purchase...,Foreign Used,Automatic,
159,https://pictures-kenya.jijistatic.com/26476713_MzAwLTIyNS02NWQzNDQ1NDM5.webp,Mazda Axela 2014 Red,"KSh 1,450,000"," Mombasa, Mombasa CBD",Brandy new axela hatchback best grade bank finance and cash acceptable hire purchase too allowed,Foreign Used,Automatic,44000km
160,https://pictures-kenya.jijistatic.com/30347669_MzAwLTIyNS0yN2UzNjJlMjc4.webp,Mazda Axela 2014 Blue,"KSh 1,550,000"," Nairobi, Lavington",Mazda Axela hatchback 2014 model 1500cc diesel manualsunroof,Foreign Used,Automatic,111000km
161,https://pictures-kenya.jijistatic.com/29047989_MzAwLTIyNS0xN2E1NzNiNmIz.webp,Mazda Axela 2014 Silver,"KSh 1,400,000"," Mombasa, Mombasa CBD",Mazda axela 2014 powerful engine 1500 cc fully loadedbuy and drivecall us now for more info,Foreign Used,Automatic,
162,https://pictures-kenya.jijistatic.com/24232647_MzAwLTQwMC1lZWI4ZTdiMmM4.webp,Mazda Axela 2014 White,"KSh 1,500,000"," Mombasa, Mombasa CBD",Mazda axela hatchbackfully loadedsky activelow mileagereverse cameramalipo mos mos accepted,Foreign Used,Automatic,
163,https://pictures-kenya.jijistatic.com/30902091_MzAwLTIyNS00ZTBiZjgwZTk3.webp,Mazda Axela 2015 Black,"KSh 1,600,000"," Mombasa, Mombasa CBD",Mazda axelafully equipped hire purchase and cash payments,Foreign Used,Automatic,66852km
164,https://pictures-kenya.jijistatic.com/21531242_MzAwLTIyNS0xZTMzOGE1ZGU4.webp,Mazda Axela 2014 Red,"KSh 1,450,000"," Mombasa, Mvita",Mazda axela 2014redhatchback,Foreign Used,Automatic,61429km
165,https://pictures-kenya.jijistatic.com/20319500_MzAwLTQwMC1iZDQ1ZjgzOWRkLTE.webp,Mazda Axela 2014 Brown,"KSh 1,400,000"," Mombasa, Mombasa CBD",Axela hutch backmanual transmissionpetrol6 speedfully loaded,Foreign Used,Automatic,67000km
166,https://pictures-kenya.jijistatic.com/14378314_5e9bc47e-6ace-410e-bbc8-4e03db3771d6_300x169.webp,Mazda Axela 2013 Blue,"KSh 1,350,000"," Mombasa, Nyali","Mazda Axela 2014 model,mileage 79k,1500cc petrol, price 1.350m negotiations",Foreign Used,Automatic,
167,https://pictures-kenya.jijistatic.com/29390054_MzAwLTI4NC02ZWY4MTA3ODRj.webp,Mazda Axela 2014 SV Premium Red,"KSh 1,350,000"," Mombasa, Mvita",Mazda axela2014 modelfully loaded,Foreign Used,Automatic,25000km
168,https://pictures-kenya.jijistatic.com/31653593_MzAwLTIyNS0wZjEyOGZlY2E5.webp,Mazda Axela 2014 Black,"KSh 1,550,000"," Nairobi, Ridgeways",Mazda Axela Sport/2014 Model / 1500 CC / Alloys Rims /Original parts,Foreign Used,Manual,
169,https://pictures-kenya.jijistatic.com/14750639_7a0daaf1-fdcf-4f75-a6c1-24ad96c3966f_300x169.webp,Mazda Axela 2013 Gray,"KSh 1,280,000"," Mombasa, Nyali","Mazda Axela 2013 model,mileage 6k,1500cc petrol, price 1.280m negotiable",Foreign Used,Automatic,
